1,"255 Central Ave, Chelsea, MA, 02150",Match,Exact,"255 CENTRAL AVE, CHELSEA, MA, 02150","-71.025640275456,42.388038334462",85711309.0,R,25.0,25.0,160103.0,4000.0
2,"183 Congress Ave, Chelsea, MA, 02150",Match,Exact,"183 CONGRESS AVE, CHELSEA, MA, 02150","-71.032039773126,42.388049501278",85723685.0,R,25.0,25.0,160103.0,2003.0
3,"165 Cottage St, Chelsea, MA, 02150",Match,Exact,"165 COTTAGE ST, CHELSEA, MA, 02150","-71.024484684809,42.389679881615",85711663.0,R,25.0,25.0,160103.0,3000.0
4,"165 Cottage St, Chelsea, MA, 02150",Match,Exact,"165 COTTAGE ST, CHELSEA, MA, 02150","-71.024484684809,42.389679881615",85711663.0,R,25.0,25.0,160103.0,3000.0
5,"90 Watts St, Chelsea, MA, 02150",Match,Exact,"90 WATTS ST, CHELSEA, MA, 02150","-71.027591312536,42.389204110803",85711277.0,L,25.0,25.0,160103.0,3003.0
6,"96 Watts St, Chelsea, MA, 02150",Match,Exact,"96 WATTS ST, CHELSEA, MA, 02150","-71.027361688259,42.38915890916",85711277.0,L,25.0,25.0,160103.0,3003.0
7,"96 Watts St, Chelsea, MA, 02150",Match,Exact,"96 WATTS ST, CHELSEA, MA, 02150","-71.027361688259,42.38915890916",85711277.0,L,25.0,25.0,160103.0,3003.0
8,"72 Library St, Chelsea, MA, 02150",Match,Exact,"72 LIBRARY ST, CHELSEA, MA, 02150","-71.029419327115,42.393159014642",85707220.0,L,25.0,25.0,160102.0,1001.0
9,"106 Marlboro St, Chelsea, MA, 02150",No_Match,,,,,,,,,
10,"5 Admirals Way, Chelsea, MA, 02150",Match,Exact,"5 ADMIRALS WAY, CHELSEA, MA, 02150","-71.04592576334,42.390148147575",85731890.0,R,25.0,25.0,160300.0,2002.0
11,"5 Admirals Way, Chelsea, MA, 02150",Match,Exact,"5 ADMIRALS WAY, CHELSEA, MA, 02150","-71.04592576334,42.390148147575",85731890.0,R,25.0,25.0,160300.0,2002.0
12,"34 Beacon St, Chelsea, MA, 02150",Match,Exact,"34 BEACON ST, CHELSEA, MA, 02150","-71.041681670509,42.388026757978",85709575.0,L,25.0,25.0,160300.0,1006.0
13,"34 Beacon St, Chelsea, MA, 02150",Match,Exact,"34 BEACON ST, CHELSEA, MA, 02150","-71.041681670509,42.388026757978",85709575.0,L,25.0,25.0,160300.0,1006.0
14,"21 Boatswains Way, Chelsea, MA, 02150",Match,Exact,"21 BOATSWAINS WAY, CHELSEA, MA, 02150","-71.047944183152,42.389158071893",85732894.0,L,25.0,25.0,160300.0,2007.0
15,"21 Boatswains Way, Chelsea, MA, 02150",Match,Exact,"21 BOATSWAINS WAY, CHELSEA, MA, 02150","-71.047944183152,42.389158071893",85732894.0,L,25.0,25.0,160300.0,2007.0
16,"28 Boatswains Way, Chelsea, MA, 02150",Match,Exact,"28 BOATSWAINS WAY, CHELSEA, MA, 02150","-71.046763483328,42.388837725014",85718114.0,R,25.0,25.0,160300.0,2001.0
17,"28 Boatswains Way, Chelsea, MA, 02150",Match,Exact,"28 BOATSWAINS WAY, CHELSEA, MA, 02150","-71.046763483328,42.388837725014",85718114.0,R,25.0,25.0,160300.0,2001.0
18,"50 Boatswains Way, Chelsea, MA, 02150",Match,Exact,"50 BOATSWAINS WAY, CHELSEA, MA, 02150","-71.047913148314,42.389274858685",85732894.0,R,25.0,25.0,160300.0,2008.0
19,"81 Broadway, Chelsea, MA, 02150",Match,Exact,"81 BROADWAY, CHELSEA, MA, 02150","-71.042305843749,42.38818984182",639989721.0,R,25.0,25.0,160300.0,1006.0
20,"81 Broadway, Chelsea, MA, 02150",Match,Exact,"81 BROADWAY, CHELSEA, MA, 02150","-71.042305843749,42.38818984182",639989721.0,R,25.0,25.0,160300.0,1006.0
21,"150 Captains Row, Chelsea, MA, 02150",Match,Exact,"150 CAPTAINS ROW, CHELSEA, MA, 02150","-71.044390715209,42.389032589416",85731893.0,R,25.0,25.0,160300.0,2002.0
22,"150 Captains Row, Chelsea, MA, 02150",Match,Exact,"150 CAPTAINS ROW, CHELSEA, MA, 02150","-71.044390715209,42.389032589416",85731893.0,R,25.0,25.0,160300.0,2002.0
23,"150 Captains Row, Chelsea, MA, 02150",Match,Exact,"150 CAPTAINS ROW, CHELSEA, MA, 02150","-71.044390715209,42.389032589416",85731893.0,R,25.0,25.0,160300.0,2002.0
24,"150 Captains Row, Chelsea, MA, 02150",Match,Exact,"150 CAPTAINS ROW, CHELSEA, MA, 02150","-71.044390715209,42.389032589416",85731893.0,R,25.0,25.0,160300.0,2002.0
25,"150 Captains Row, Chelsea, MA, 02150",Match,Exact,"150 CAPTAINS ROW, CHELSEA, MA, 02150","-71.044390715209,42.389032589416",85731893.0,R,25.0,25.0,160300.0,2002.0
26,"165 Captains Row, Chelsea, MA, 02150",Match,Exact,"165 CAPTAINS ROW, CHELSEA, MA, 02150","-71.045309462388,42.390895974764",635346077.0,L,25.0,25.0,160300.0,2000.0
27,"165 Captains Row, Chelsea, MA, 02150",Match,Exact,"165 CAPTAINS ROW, CHELSEA, MA, 02150","-71.045309462388,42.390895974764",635346077.0,L,25.0,25.0,160300.0,2000.0
28,"165 Captains Row, Chelsea, MA, 02150",Match,Exact,"165 CAPTAINS ROW, CHELSEA, MA, 02150","-71.045309462388,42.390895974764",635346077.0,L,25.0,25.0,160300.0,2000.0
29,"165 Captains Row, Chelsea, MA, 02150",Match,Exact,"165 CAPTAINS ROW, CHELSEA, MA, 02150","-71.045309462388,42.390895974764",635346077.0,L,25.0,25.0,160300.0,2000.0
30,"165 Captains Row, Chelsea, MA, 02150",Match,Exact,"165 CAPTAINS ROW, CHELSEA, MA, 02150","-71.045309462388,42.390895974764",635346077.0,L,25.0,25.0,160300.0,2000.0
31,"165 Captains Row, Chelsea, MA, 02150",Match,Exact,"165 CAPTAINS ROW, CHELSEA, MA, 02150","-71.045309462388,42.390895974764",635346077.0,L,25.0,25.0,160300.0,2000.0
32,"165 Captains Row, Chelsea, MA, 02150",Match,Exact,"165 CAPTAINS ROW, CHELSEA, MA, 02150","-71.045309462388,42.390895974764",635346077.0,L,25.0,25.0,160300.0,2000.0
33,"165 Captains Row, Chelsea, MA, 02150",Match,Exact,"165 CAPTAINS ROW, CHELSEA, MA, 02150","-71.045309462388,42.390895974764",635346077.0,L,25.0,25.0,160300.0,2000.0
34,"165 Captains Row, Chelsea, MA, 02150",Match,Exact,"165 CAPTAINS ROW, CHELSEA, MA, 02150","-71.045309462388,42.390895974764",635346077.0,L,25.0,25.0,160300.0,2000.0
35,"165 Captains Row, Chelsea, MA, 02150",Match,Exact,"165 CAPTAINS ROW, CHELSEA, MA, 02150","-71.045309462388,42.390895974764",635346077.0,L,25.0,25.0,160300.0,2000.0
36,"165 Captains Row, Chelsea, MA, 02150",Match,Exact,"165 CAPTAINS ROW, CHELSEA, MA, 02150","-71.045309462388,42.390895974764",635346077.0,L,25.0,25.0,160300.0,2000.0
37,"165 Captains Row, Chelsea, MA, 02150",Match,Exact,"165 CAPTAINS ROW, CHELSEA, MA, 02150","-71.045309462388,42.390895974764",635346077.0,L,25.0,25.0,160300.0,2000.0
38,"165 Captains Row, Chelsea, MA, 02150",Match,Exact,"165 CAPTAINS ROW, CHELSEA, MA, 02150","-71.045309462388,42.390895974764",635346077.0,L,25.0,25.0,160300.0,2000.0
39,"165 Captains Row, Chelsea, MA, 02150",Match,Exact,"165 CAPTAINS ROW, CHELSEA, MA, 02150","-71.045309462388,42.390895974764",635346077.0,L,25.0,25.0,160300.0,2000.0
40,"165 Captains Row, Chelsea, MA, 02150",Match,Exact,"165 CAPTAINS ROW, CHELSEA, MA, 02150","-71.045309462388,42.390895974764",635346077.0,L,25.0,25.0,160300.0,2000.0
41,"165 Captains Row, Chelsea, MA, 02150",Match,Exact,"165 CAPTAINS ROW, CHELSEA, MA, 02150","-71.045309462388,42.390895974764",635346077.0,L,25.0,25.0,160300.0,2000.0
42,"165 Captains Row, Chelsea, MA, 02150",Match,Exact,"165 CAPTAINS ROW, CHELSEA, MA, 02150","-71.045309462388,42.390895974764",635346077.0,L,25.0,25.0,160300.0,2000.0
43,"165 Captains Row, Chelsea, MA, 02150",Match,Exact,"165 CAPTAINS ROW, CHELSEA, MA, 02150","-71.045309462388,42.390895974764",635346077.0,L,25.0,25.0,160300.0,2000.0
44,"165 Captains Row, Chelsea, MA, 02150",Match,Exact,"165 CAPTAINS ROW, CHELSEA, MA, 02150","-71.045309462388,42.390895974764",635346077.0,L,25.0,25.0,160300.0,2000.0
45,"165 Captains Row, Chelsea, MA, 02150",Match,Exact,"165 CAPTAINS ROW, CHELSEA, MA, 02150","-71.045309462388,42.390895974764",635346077.0,L,25.0,25.0,160300.0,2000.0
46,"165 Captains Row, Chelsea, MA, 02150",Match,Exact,"165 CAPTAINS ROW, CHELSEA, MA, 02150","-71.045309462388,42.390895974764",635346077.0,L,25.0,25.0,160300.0,2000.0
47,"165 Captains Row, Chelsea, MA, 02150",Match,Exact,"165 CAPTAINS ROW, CHELSEA, MA, 02150","-71.045309462388,42.390895974764",635346077.0,L,25.0,25.0,160300.0,2000.0
48,"165 Captains Row, Chelsea, MA, 02150",Match,Exact,"165 CAPTAINS ROW, CHELSEA, MA, 02150","-71.045309462388,42.390895974764",635346077.0,L,25.0,25.0,160300.0,2000.0
49,"165 Captains Row, Chelsea, MA, 02150",Match,Exact,"165 CAPTAINS ROW, CHELSEA, MA, 02150","-71.045309462388,42.390895974764",635346077.0,L,25.0,25.0,160300.0,2000.0
50,"165 Captains Row, Chelsea, MA, 02150",Match,Exact,"165 CAPTAINS ROW, CHELSEA, MA, 02150","-71.045309462388,42.390895974764",635346077.0,L,25.0,25.0,160300.0,2000.0
51,"165 Captains Row, Chelsea, MA, 02150",Match,Exact,"165 CAPTAINS ROW, CHELSEA, MA, 02150","-71.045309462388,42.390895974764",635346077.0,L,25.0,25.0,160300.0,2000.0
52,"200 Captains Row, Chelsea, MA, 02150",Match,Exact,"200 CAPTAINS ROW, CHELSEA, MA, 02150","-71.045648107043,42.390855932761",85718109.0,R,25.0,25.0,160300.0,2007.0
53,"201 Captains Row, Chelsea, MA, 02150",Match,Exact,"201 CAPTAINS ROW, CHELSEA, MA, 02150","-71.04586251144,42.391032050794",85718109.0,L,25.0,25.0,160300.0,2000.0
54,"201 Captains Row, Chelsea, MA, 02150",Match,Exact,"201 CAPTAINS ROW, CHELSEA, MA, 02150","-71.04586251144,42.391032050794",85718109.0,L,25.0,25.0,160300.0,2000.0
55,"201 Captains Row, Chelsea, MA, 02150",Match,Exact,"201 CAPTAINS ROW, CHELSEA, MA, 02150","-71.04586251144,42.391032050794",85718109.0,L,25.0,25.0,160300.0,2000.0
56,"201 Captains Row, Chelsea, MA, 02150",Match,Exact,"201 CAPTAINS ROW, CHELSEA, MA, 02150","-71.04586251144,42.391032050794",85718109.0,L,25.0,25.0,160300.0,2000.0
57,"201 Captains Row, Chelsea, MA, 02150",Match,Exact,"201 CAPTAINS ROW, CHELSEA, MA, 02150","-71.04586251144,42.391032050794",85718109.0,L,25.0,25.0,160300.0,2000.0
58,"201 Captains Row, Chelsea, MA, 02150",Match,Exact,"201 CAPTAINS ROW, CHELSEA, MA, 02150","-71.04586251144,42.391032050794",85718109.0,L,25.0,25.0,160300.0,2000.0
59,"201 Captains Row, Chelsea, MA, 02150",Match,Exact,"201 CAPTAINS ROW, CHELSEA, MA, 02150","-71.04586251144,42.391032050794",85718109.0,L,25.0,25.0,160300.0,2000.0
60,"201 Captains Row, Chelsea, MA, 02150",Match,Exact,"201 CAPTAINS ROW, CHELSEA, MA, 02150","-71.04586251144,42.391032050794",85718109.0,L,25.0,25.0,160300.0,2000.0
61,"201 Captains Row, Chelsea, MA, 02150",Match,Exact,"201 CAPTAINS ROW, CHELSEA, MA, 02150","-71.04586251144,42.391032050794",85718109.0,L,25.0,25.0,160300.0,2000.0
62,"201 Captains Row, Chelsea, MA, 02150",Match,Exact,"201 CAPTAINS ROW, CHELSEA, MA, 02150","-71.04586251144,42.391032050794",85718109.0,L,25.0,25.0,160300.0,2000.0
63,"201 Captains Row, Chelsea, MA, 02150",Match,Exact,"201 CAPTAINS ROW, CHELSEA, MA, 02150","-71.04586251144,42.391032050794",85718109.0,L,25.0,25.0,160300.0,2000.0
64,"201 Captains Row, Chelsea, MA, 02150",Match,Exact,"201 CAPTAINS ROW, CHELSEA, MA, 02150","-71.04586251144,42.391032050794",85718109.0,L,25.0,25.0,160300.0,2000.0
65,"201 Captains Row, Chelsea, MA, 02150",Match,Exact,"201 CAPTAINS ROW, CHELSEA, MA, 02150","-71.04586251144,42.391032050794",85718109.0,L,25.0,25.0,160300.0,2000.0
66,"201 Captains Row, Chelsea, MA, 02150",Match,Exact,"201 CAPTAINS ROW, CHELSEA, MA, 02150","-71.04586251144,42.391032050794",85718109.0,L,25.0,25.0,160300.0,2000.0
67,"201 Captains Row, Chelsea, MA, 02150",Match,Exact,"201 CAPTAINS ROW, CHELSEA, MA, 02150","-71.04586251144,42.391032050794",85718109.0,L,25.0,25.0,160300.0,2000.0
68,"201 Captains Row, Chelsea, MA, 02150",Match,Exact,"201 CAPTAINS ROW, CHELSEA, MA, 02150","-71.04586251144,42.391032050794",85718109.0,L,25.0,25.0,160300.0,2000.0
69,"201 Captains Row, Chelsea, MA, 02150",Match,Exact,"201 CAPTAINS ROW, CHELSEA, MA, 02150","-71.04586251144,42.391032050794",85718109.0,L,25.0,25.0,160300.0,2000.0
70,"201 Captains Row, Chelsea, MA, 02150",Match,Exact,"201 CAPTAINS ROW, CHELSEA, MA, 02150","-71.04586251144,42.391032050794",85718109.0,L,25.0,25.0,160300.0,2000.0
71,"21 Chestnut St, Chelsea, MA, 02150",Match,Exact,"21 CHESTNUT ST, CHELSEA, MA, 02150","-71.043305789419,42.388775516352",85709529.0,R,25.0,25.0,160300.0,2006.0
72,"100 Commandants Way, Chelsea, MA, 02150",Match,Exact,"100 COMMANDANTS WAY, CHELSEA, MA, 02150","-71.047373075132,42.387765633684",639001030.0,L,25.0,25.0,160300.0,2004.0
73,"300 Commandants Way, Chelsea, MA, 02150",Match,Exact,"300 COMMANDANTS WAY, CHELSEA, MA, 02150","-71.050421220058,42.390214786187",85718107.0,L,25.0,25.0,160300.0,2007.0
74,"300 Commandants Way, Chelsea, MA, 02150",Match,Exact,"300 COMMANDANTS WAY, CHELSEA, MA, 02150","-71.050421220058,42.390214786187",85718107.0,L,25.0,25.0,160300.0,2007.0
75,"300 Commandants Way, Chelsea, MA, 02150",Match,Exact,"300 COMMANDANTS WAY, CHELSEA, MA, 02150","-71.050421220058,42.390214786187",85718107.0,L,25.0,25.0,160300.0,2007.0
76,"300 Commandants Way, Chelsea, MA, 02150",Match,Exact,"300 COMMANDANTS WAY, CHELSEA, MA, 02150","-71.050421220058,42.390214786187",85718107.0,L,25.0,25.0,160300.0,2007.0
77,"305 Commandants Way, Chelsea, MA, 02150",Match,Exact,"305 COMMANDANTS WAY, CHELSEA, MA, 02150","-71.049088496875,42.391269464075",85718107.0,R,25.0,25.0,160300.0,2003.0
78,"10 Eldridge Pl, Chelsea, MA, 02150",Match,Exact,"10 ELDRIDGE PL, CHELSEA, MA, 02150","-71.042732572716,42.387479165567",85726125.0,L,25.0,25.0,160300.0,1006.0
79,"10 Eldridge Pl, Chelsea, MA, 02150",Match,Exact,"10 ELDRIDGE PL, CHELSEA, MA, 02150","-71.042732572716,42.387479165567",85726125.0,L,25.0,25.0,160300.0,1006.0
80,"24 Front St, Chelsea, MA, 02150",Match,Exact,"24 FRONT ST, CHELSEA, MA, 02150","-71.043665525153,42.387330677776",85709536.0,L,25.0,25.0,160300.0,1009.0
81,"132 Addison St, Chelsea, MA, 02150",Match,Exact,"132 ADDISON ST, CHELSEA, MA, 02150","-71.03641150675,42.399869059946",85706975.0,L,25.0,25.0,160501.0,1003.0
82,"100 Heard St, Chelsea, MA, 02150",Match,Exact,"100 HEARD ST, CHELSEA, MA, 02150","-71.035690561284,42.397481640196",85707031.0,L,25.0,25.0,160400.0,3020.0
83,"255 Vale St, Chelsea, MA, 02150",Match,Exact,"255 VALE ST, CHELSEA, MA, 02150","-71.042109618834,42.39908683436",85706343.0,R,25.0,25.0,160400.0,3013.0
84,"230 Chestnut St, Chelsea, MA, 02150",Match,Exact,"230 CHESTNUT ST, CHELSEA, MA, 02150","-71.035784758168,42.393037786521",85711168.0,L,25.0,25.0,160400.0,4004.0
85,"16 Fifth St, Chelsea, MA, 02150",Match,Exact,"16 5TH ST, CHELSEA, MA, 02150","-71.034691418282,42.393124276866",85711169.0,L,25.0,25.0,160400.0,4005.0
86,"232 Walnut St, Chelsea, MA, 02150",Match,Exact,"232 WALNUT ST, CHELSEA, MA, 02150","-71.03479623731,42.394678838289",85725950.0,L,25.0,25.0,160400.0,2002.0
87,"29 Beacon St, Chelsea, MA, 02150",Match,Exact,"29 BEACON ST, CHELSEA, MA, 02150","-71.041449634828,42.38795641012",85709575.0,R,25.0,25.0,160300.0,1005.0
88,"69 Congress Ave, Chelsea, MA, 02150",Match,Exact,"69 CONGRESS AVE, CHELSEA, MA, 02150","-71.036072240784,42.38950536571",85711194.0,R,25.0,25.0,160200.0,3000.0
89,"1 Park St, Chelsea, MA, 02150",Match,Exact,"1 PARK ST, CHELSEA, MA, 02150","-71.04052187588,42.389033489396",85711127.0,R,25.0,25.0,160300.0,1001.0
90,"1 Park St, Chelsea, MA, 02150",Match,Exact,"1 PARK ST, CHELSEA, MA, 02150","-71.04052187588,42.389033489396",85711127.0,R,25.0,25.0,160300.0,1001.0
91,"855 Broadway, Chelsea, MA, 02150",Match,Exact,"855 BROADWAY, CHELSEA, MA, 02150","-71.023567760938,42.398676984714",85707483.0,R,25.0,25.0,160502.0,1004.0
92,"91 Crest Ave, Chelsea, MA, 02150",Match,Exact,"91 CREST AVE, CHELSEA, MA, 02150","-71.026495025524,42.40043246369",651214166.0,R,25.0,25.0,160601.0,1000.0
93,"91 Crest Ave, Chelsea, MA, 02150",Match,Exact,"91 CREST AVE, CHELSEA, MA, 02150","-71.026495025524,42.40043246369",651214166.0,R,25.0,25.0,160601.0,1000.0
94,"91 Crest Ave, Chelsea, MA, 02150",Match,Exact,"91 CREST AVE, CHELSEA, MA, 02150","-71.026495025524,42.40043246369",651214166.0,R,25.0,25.0,160601.0,1000.0
95,"91 Crest Ave, Chelsea, MA, 02150",Match,Exact,"91 CREST AVE, CHELSEA, MA, 02150","-71.026495025524,42.40043246369",651214166.0,R,25.0,25.0,160601.0,1000.0
96,"91 Crest Ave, Chelsea, MA, 02150",Match,Exact,"91 CREST AVE, CHELSEA, MA, 02150","-71.026495025524,42.40043246369",651214166.0,R,25.0,25.0,160601.0,1000.0
97,"91 Crest Ave, Chelsea, MA, 02150",Match,Exact,"91 CREST AVE, CHELSEA, MA, 02150","-71.026495025524,42.40043246369",651214166.0,R,25.0,25.0,160601.0,1000.0
98,"91 Crest Ave, Chelsea, MA, 02150",Match,Exact,"91 CREST AVE, CHELSEA, MA, 02150","-71.026495025524,42.40043246369",651214166.0,R,25.0,25.0,160601.0,1000.0
99,"91 Crest Ave, Chelsea, MA, 02150",Match,Exact,"91 CREST AVE, CHELSEA, MA, 02150","-71.026495025524,42.40043246369",651214166.0,R,25.0,25.0,160601.0,1000.0
100,"91 Crest Ave, Chelsea, MA, 02150",Match,Exact,"91 CREST AVE, CHELSEA, MA, 02150","-71.026495025524,42.40043246369",651214166.0,R,25.0,25.0,160601.0,1000.0
101,"91 Crest Ave, Chelsea, MA, 02150",Match,Exact,"91 CREST AVE, CHELSEA, MA, 02150","-71.026495025524,42.40043246369",651214166.0,R,25.0,25.0,160601.0,1000.0
102,"91 Crest Ave, Chelsea, MA, 02150",Match,Exact,"91 CREST AVE, CHELSEA, MA, 02150","-71.026495025524,42.40043246369",651214166.0,R,25.0,25.0,160601.0,1000.0
103,"91 Crest Ave, Chelsea, MA, 02150",Match,Exact,"91 CREST AVE, CHELSEA, MA, 02150","-71.026495025524,42.40043246369",651214166.0,R,25.0,25.0,160601.0,1000.0
104,"91 Crest Ave, Chelsea, MA, 02150",Match,Exact,"91 CREST AVE, CHELSEA, MA, 02150","-71.026495025524,42.40043246369",651214166.0,R,25.0,25.0,160601.0,1000.0
105,"91 Crest Ave, Chelsea, MA, 02150",Match,Exact,"91 CREST AVE, CHELSEA, MA, 02150","-71.026495025524,42.40043246369",651214166.0,R,25.0,25.0,160601.0,1000.0
106,"91 Crest Ave, Chelsea, MA, 02150",Match,Exact,"91 CREST AVE, CHELSEA, MA, 02150","-71.026495025524,42.40043246369",651214166.0,R,25.0,25.0,160601.0,1000.0
107,"91 Crest Ave, Chelsea, MA, 02150",Match,Exact,"91 CREST AVE, CHELSEA, MA, 02150","-71.026495025524,42.40043246369",651214166.0,R,25.0,25.0,160601.0,1000.0
108,"91 Crest Ave, Chelsea, MA, 02150",Match,Exact,"91 CREST AVE, CHELSEA, MA, 02150","-71.026495025524,42.40043246369",651214166.0,R,25.0,25.0,160601.0,1000.0
109,"91 Crest Ave, Chelsea, MA, 02150",Match,Exact,"91 CREST AVE, CHELSEA, MA, 02150","-71.026495025524,42.40043246369",651214166.0,R,25.0,25.0,160601.0,1000.0
110,"91 Crest Ave, Chelsea, MA, 02150",Match,Exact,"91 CREST AVE, CHELSEA, MA, 02150","-71.026495025524,42.40043246369",651214166.0,R,25.0,25.0,160601.0,1000.0
111,"91 Crest Ave, Chelsea, MA, 02150",Match,Exact,"91 CREST AVE, CHELSEA, MA, 02150","-71.026495025524,42.40043246369",651214166.0,R,25.0,25.0,160601.0,1000.0
112,"91 Crest Ave, Chelsea, MA, 02150",Match,Exact,"91 CREST AVE, CHELSEA, MA, 02150","-71.026495025524,42.40043246369",651214166.0,R,25.0,25.0,160601.0,1000.0
113,"91 Crest Ave, Chelsea, MA, 02150",Match,Exact,"91 CREST AVE, CHELSEA, MA, 02150","-71.026495025524,42.40043246369",651214166.0,R,25.0,25.0,160601.0,1000.0
114,"91 Crest Ave, Chelsea, MA, 02150",Match,Exact,"91 CREST AVE, CHELSEA, MA, 02150","-71.026495025524,42.40043246369",651214166.0,R,25.0,25.0,160601.0,1000.0
115,"9 Fitz Ter, Chelsea, MA, 02150",Match,Exact,"9 FITZ TER, CHELSEA, MA, 02150","-71.028719218791,42.397458755757",85707237.0,R,25.0,25.0,160501.0,2005.0
116,"29 John St, Chelsea, MA, 02150",Match,Exact,"29 JOHN ST, CHELSEA, MA, 02150","-71.027882745964,42.39901207912",85707232.0,R,25.0,25.0,160601.0,3006.0
117,"113 Spencer Ave, Chelsea, MA, 02150",Match,Exact,"113 SPENCER AVE, CHELSEA, MA, 02150","-71.024030799469,42.397524940914",85707487.0,R,25.0,25.0,160502.0,5003.0
118,"60 Dudley St, Chelsea, MA, 02150",Match,Exact,"60 DUDLEY ST, CHELSEA, MA, 02150","-71.021633825431,42.398231693918",85707504.0,L,25.0,25.0,160502.0,5000.0
119,"8 Crescent Ave, Chelsea, MA, 02150",Match,Exact,"8 CRESCENT AVE, CHELSEA, MA, 02150","-71.032320509555,42.395898260652",85707210.0,L,25.0,25.0,160501.0,2007.0
120,"8 Crescent Ave, Chelsea, MA, 02150",Match,Exact,"8 CRESCENT AVE, CHELSEA, MA, 02150","-71.032320509555,42.395898260652",85707210.0,L,25.0,25.0,160501.0,2007.0
121,"10 Forsyth St, Chelsea, MA, 02150",Match,Exact,"10 FORSYTH ST, CHELSEA, MA, 02150","-71.030821897227,42.398339419047",85707191.0,R,25.0,25.0,160501.0,5001.0
122,"24 Gardner St, Chelsea, MA, 02150",Match,Exact,"24 GARDNER ST, CHELSEA, MA, 02150","-71.029757829426,42.398805267384",85707229.0,L,25.0,25.0,160501.0,5003.0
123,"130 Washington Ave, Chelsea, MA, 02150",Match,Exact,"130 WASHINGTON AVE, CHELSEA, MA, 02150","-71.0316290257,42.397082329938",85707198.0,L,25.0,25.0,160501.0,4003.0
124,"14 Bloomingdale St, Chelsea, MA, 02150",Match,Exact,"14 BLOOMINGDALE ST, CHELSEA, MA, 02150","-71.031821270249,42.397917960824",85707177.0,L,25.0,25.0,160501.0,4000.0
125,"14 Bloomingdale St, Chelsea, MA, 02150",Match,Exact,"14 BLOOMINGDALE ST, CHELSEA, MA, 02150","-71.031821270249,42.397917960824",85707177.0,L,25.0,25.0,160501.0,4000.0
126,"14 Bloomingdale St, Chelsea, MA, 02150",Match,Exact,"14 BLOOMINGDALE ST, CHELSEA, MA, 02150","-71.031821270249,42.397917960824",85707177.0,L,25.0,25.0,160501.0,4000.0
127,"14 Bloomingdale St, Chelsea, MA, 02150",Match,Exact,"14 BLOOMINGDALE ST, CHELSEA, MA, 02150","-71.031821270249,42.397917960824",85707177.0,L,25.0,25.0,160501.0,4000.0
128,"77 Bloomingdale St, Chelsea, MA, 02150",Match,Exact,"77 BLOOMINGDALE ST, CHELSEA, MA, 02150","-71.033509723357,42.399548800208",85707018.0,R,25.0,25.0,160501.0,1009.0
129,"32 Eden St, Chelsea, MA, 02150",Match,Exact,"32 EDEN ST, CHELSEA, MA, 02150","-71.032781730198,42.397359785576",85707185.0,L,25.0,25.0,160501.0,4001.0
130,"32 Eden St, Chelsea, MA, 02150",Match,Exact,"32 EDEN ST, CHELSEA, MA, 02150","-71.032781730198,42.397359785576",85707185.0,L,25.0,25.0,160501.0,4001.0
131,"45 Heard St, Chelsea, MA, 02150",Match,Exact,"45 HEARD ST, CHELSEA, MA, 02150","-71.034345290163,42.396630303617",85707060.0,R,25.0,25.0,160501.0,3001.0
132,"89 Orange St, Chelsea, MA, 02150",Match,Exact,"89 ORANGE ST, CHELSEA, MA, 02150","-71.034543343925,42.399412986091",85707056.0,R,25.0,25.0,160501.0,1008.0
133,"256 Spruce St, Chelsea, MA, 02150",Match,Exact,"256 SPRUCE ST, CHELSEA, MA, 02150","-71.035263885723,42.397724495273",85707061.0,L,25.0,25.0,160501.0,1005.0
134,"256 Spruce St, Chelsea, MA, 02150",Match,Exact,"256 SPRUCE ST, CHELSEA, MA, 02150","-71.035263885723,42.397724495273",85707061.0,L,25.0,25.0,160501.0,1005.0
135,"960 Broadway, Chelsea, MA, 02150",Match,Exact,"960 BROADWAY, CHELSEA, MA, 02150","-71.020711717181,42.401209476952",85707540.0,L,25.0,25.0,160502.0,4000.0
136,"260 Clark Ave, Chelsea, MA, 02150",Match,Exact,"260 CLARK AVE, CHELSEA, MA, 02150","-71.021124083342,42.401952734095",85707466.0,L,25.0,25.0,160601.0,2001.0
137,"100 Stockton St, Chelsea, MA, 02150",Match,Exact,"100 STOCKTON ST, CHELSEA, MA, 02150","-71.022379654128,42.401736026436",85741961.0,R,25.0,25.0,160601.0,2001.0
138,"100 Stockton St, Chelsea, MA, 02150",Match,Exact,"100 STOCKTON ST, CHELSEA, MA, 02150","-71.022379654128,42.401736026436",85741961.0,R,25.0,25.0,160601.0,2001.0
139,"118 Garfield Ave, Chelsea, MA, 02150",Match,Exact,"118 GARFIELD AVE, CHELSEA, MA, 02150","-71.029576438849,42.407478623412",85706924.0,L,25.0,25.0,160602.0,5000.0
140,"45 Jones Ave, Chelsea, MA, 02150",Match,Exact,"45 JONES AVE, CHELSEA, MA, 02150","-71.030413265336,42.406024749123",655909357.0,R,25.0,25.0,160602.0,5000.0
141,"45 Jones Ave, Chelsea, MA, 02150",Match,Exact,"45 JONES AVE, CHELSEA, MA, 02150","-71.030413265336,42.406024749123",655909357.0,R,25.0,25.0,160602.0,5000.0
142,"608 Washington Ave, Chelsea, MA, 02150",Match,Exact,"608 WASHINGTON AVE, CHELSEA, MA, 02150","-71.031179139932,42.410888599267",85706880.0,L,25.0,25.0,160602.0,3010.0
143,"4 Cheever St, Chelsea, MA, 02150",Match,Exact,"4 CHEEVER ST, CHELSEA, MA, 02150","-71.03438266701,42.405917849837",85706996.0,R,25.0,25.0,160602.0,1007.0
144,"12 Cheever St, Chelsea, MA, 02150",Match,Exact,"12 CHEEVER ST, CHELSEA, MA, 02150","-71.034360033364,42.405832720271",85706996.0,R,25.0,25.0,160602.0,1007.0
145,"55 Kimball Rd, Chelsea, MA, 02150",Match,Exact,"55 KIMBALL RD, CHELSEA, MA, 02150","-71.033083259067,42.407770071001",85717323.0,R,25.0,25.0,160602.0,2001.0
146,"55 Kimball Rd, Chelsea, MA, 02150",Match,Exact,"55 KIMBALL RD, CHELSEA, MA, 02150","-71.033083259067,42.407770071001",85717323.0,R,25.0,25.0,160602.0,2001.0
147,"2 Laurel St, Chelsea, MA, 02150",No_Match,,,,,,,,,
148,"2 Laurel St, Chelsea, MA, 02150",No_Match,,,,,,,,,
149,"2 Laurel St, Chelsea, MA, 02150",No_Match,,,,,,,,,
150,"16 Murray St, Chelsea, MA, 02150",Match,Exact,"16 MURRAY ST, CHELSEA, MA, 02150","-71.033145704216,42.405035059601",85706999.0,L,25.0,25.0,160602.0,5002.0
151,"16 Murray St, Chelsea, MA, 02150",Match,Exact,"16 MURRAY ST, CHELSEA, MA, 02150","-71.033145704216,42.405035059601",85706999.0,L,25.0,25.0,160602.0,5002.0
152,"11 Nichols St, Chelsea, MA, 02150",Match,Exact,"11 NICHOLS ST, CHELSEA, MA, 02150","-71.035430102871,42.405976020308",85706953.0,R,25.0,25.0,160602.0,1001.0
153,"90 Franklin Ave, Chelsea, MA, 02150",Match,Exact,"90 FRANKLIN AVE, CHELSEA, MA, 02150","-71.032936008459,42.400964992404",85719837.0,L,25.0,25.0,160601.0,4004.0
154,"91 Franklin Ave, Chelsea, MA, 02150",Match,Exact,"91 FRANKLIN AVE, CHELSEA, MA, 02150","-71.032338703846,42.400628428609",85719837.0,R,25.0,25.0,160601.0,4005.0
155,"17 Lafayette Ave, Chelsea, MA, 02150",Match,Exact,"17 LAFAYETTE AVE, CHELSEA, MA, 02150","-71.030023266221,42.399821984693",85707138.0,R,25.0,25.0,160601.0,1001.0
156,"17 Lafayette Ave, Chelsea, MA, 02150",Match,Exact,"17 LAFAYETTE AVE, CHELSEA, MA, 02150","-71.030023266221,42.399821984693",85707138.0,R,25.0,25.0,160601.0,1001.0
157,"17 Lafayette Ave, Chelsea, MA, 02150",Match,Exact,"17 LAFAYETTE AVE, CHELSEA, MA, 02150","-71.030023266221,42.399821984693",85707138.0,R,25.0,25.0,160601.0,1001.0
158,"17 Lafayette Ave, Chelsea, MA, 02150",Match,Exact,"17 LAFAYETTE AVE, CHELSEA, MA, 02150","-71.030023266221,42.399821984693",85707138.0,R,25.0,25.0,160601.0,1001.0
159,"17 Lafayette Ave, Chelsea, MA, 02150",Match,Exact,"17 LAFAYETTE AVE, CHELSEA, MA, 02150","-71.030023266221,42.399821984693",85707138.0,R,25.0,25.0,160601.0,1001.0
160,"17 Lafayette Ave, Chelsea, MA, 02150",Match,Exact,"17 LAFAYETTE AVE, CHELSEA, MA, 02150","-71.030023266221,42.399821984693",85707138.0,R,25.0,25.0,160601.0,1001.0
161,"17 Lafayette Ave, Chelsea, MA, 02150",Match,Exact,"17 LAFAYETTE AVE, CHELSEA, MA, 02150","-71.030023266221,42.399821984693",85707138.0,R,25.0,25.0,160601.0,1001.0
162,"100 Summit Ave, Chelsea, MA, 02150",Match,Exact,"100 SUMMIT AVE, CHELSEA, MA, 02150","-71.030665056884,42.401814259993",85707015.0,L,25.0,25.0,160601.0,1001.0
163,"100 Summit Ave, Chelsea, MA, 02150",Match,Exact,"100 SUMMIT AVE, CHELSEA, MA, 02150","-71.030665056884,42.401814259993",85707015.0,L,25.0,25.0,160601.0,1001.0
164,"100 Summit Ave, Chelsea, MA, 02150",Match,Exact,"100 SUMMIT AVE, CHELSEA, MA, 02150","-71.030665056884,42.401814259993",85707015.0,L,25.0,25.0,160601.0,1001.0
165,"100 Summit Ave, Chelsea, MA, 02150",Match,Exact,"100 SUMMIT AVE, CHELSEA, MA, 02150","-71.030665056884,42.401814259993",85707015.0,L,25.0,25.0,160601.0,1001.0
166,"100 Summit Ave, Chelsea, MA, 02150",Match,Exact,"100 SUMMIT AVE, CHELSEA, MA, 02150","-71.030665056884,42.401814259993",85707015.0,L,25.0,25.0,160601.0,1001.0
167,"100 Summit Ave, Chelsea, MA, 02150",Match,Exact,"100 SUMMIT AVE, CHELSEA, MA, 02150","-71.030665056884,42.401814259993",85707015.0,L,25.0,25.0,160601.0,1001.0
168,"267 Washington Ave, Chelsea, MA, 02150",Match,Exact,"267 WASHINGTON AVE, CHELSEA, MA, 02150","-71.033442879169,42.400552540315",85707020.0,R,25.0,25.0,160601.0,4004.0
169,"267 Washington Ave, Chelsea, MA, 02150",Match,Exact,"267 WASHINGTON AVE, CHELSEA, MA, 02150","-71.033442879169,42.400552540315",85707020.0,R,25.0,25.0,160601.0,4004.0
170,"150 Webster Ave, Chelsea, MA, 02150",Match,Exact,"150 WEBSTER AVE, CHELSEA, MA, 02150","-71.025841733816,42.401767748435",85729678.0,L,25.0,25.0,160601.0,3002.0
